# 女优名, 别名, 别名, …………
AIKA,谷川紀子
ASUKA,前田明日香
Arisa,木村麻華
EMIRU,にいくらあさみ,新倉麻美,早希なつみ,松下美里,水姫麗奈
MEGU,麻生めぐ
MINAMI,工藤まあこ,工藤真亜子,心夏ミルク,美由紀,野島みなみ,高瀬恵理
Nao.,小池ひとみ
REN,月乃なつき,華城まや
あいだもも,丸山明代
あいだゆあ,Yua Aida,爱田由,愛田由
あいみ,中谷あいみ
あいら,ARIA,ありあ
あおいれな,葵玲奈
あけみみう,明美美羽
あずみひな,みひな
あべみかこ,安部未华子,安部未華子,Mikako Abe,Mikako
あまねめぐり,初音ろな
あやかぜのん,彩風のん,知花みく
あやみ旬果,彩美旬果
あやめ陽菜,あやめひな,神谷千佳
あらきれいこ,荒木れいこ,荒木レイコ,荒木令子,荒木玲子,荒木礼子
あんな,仓本安奈
いとうしいな,柏木ゆかり,椎名かほり
うさみ恭香,村上光代
かさいあみ,河西あみ,浅倉京香,河西亚美,河西亞美
かわのすみれ,関根琴音
くすのき琴美,冴木里江
くるまえび,来まえび,鷹宮ゆい
ここみ,田畑ももこ,田端百子,秋田ここみ,秋田こまち
こずえまき,山田まみ
さくらい葉菜,いいだれな,秋吉智子
さくらゆら,樱由罗,櫻由羅
さくら悠,河瀬リナ
ささきふう香,佐々木ふうか,佐々木ふう香,佐々木楓香,佐々木風香,佐佐木和佳
さとう愛理,佐藤爱理,佐藤愛理
さとう遥希,佐藤遥希,佐藤遙希
すぎはら美里,みずはら美里
すみれ美香,堇美香,蓳美香
つかもと友希,塚本友希
つくし,しほのちさ,しほの千里
つぐみ,すずきあい,遠藤瞳
つぼみ,蕾
ひなたまりん,日向真凛,日向真凜
ひらり,天希ユリナ,秋本诗音
ほしの菜実恵,瀬川房江
ましろ杏,真城杏
みずなあんり,唐澤まさみ
みながわ千遥,皆川千遥,皆川千遙
みなせ優夏,水无濑优夏,水無瀬優夏
みほの,坂口みほの,坂咲みほ,坂笑美穗,坂咲美穗
めくみ,仲里愛,田中愛
めぐり,藤浦惠
もなか,MONACA
ゆうきりり,Riri Yuuki,由紀莉莉
よしい美希,いざわりょうこ,井沢涼子,伊沢淳子,加藤芳江,吉井美希,西尾京子,伊澤涼子
りん,河野りん,菊川りえ
エイジア カレラ,Asia Carrera,エイジア・カレラ,エイジア・キャレラ
カーメン ルバナ,Carmen Luvana,カーメン・ルバナ
キラ ケナー,キラ・ケナー
クロエ,カトリーヌ・クロエ
ケイトリン アシュレイ,ケイトリン・アシュレイ
サリー,仲村さり,結城ありさ
サンライズ アダムス,Sunrise Adams,サンライズ・アダムス
ジェナ ジェイムソン,Jenna Jameson,ジェナ・ジェイムソン
ティア,黒川メイサ,蒂亚,蒂亞
ニッキ・ヒル,ニッキドライ
フェリックス ヴィシャス,Felix Vicious,フェリックス・ヴィシャス
ブリアナ バンクス,Briana Banks,ブリアナ　バンクス,ブリアナ・バンクス
ミア・楓・キャメロン,桃宮もか,エリカ,モカ,ミア・マルコバ
ミュウ,KOYUKI,みゅう,夏目ミュウ,夏目衣織,工藤葵,春川リサ,水沢留美,こゆき,明石三智子
メイファ,香美花
一ノ瀬さくら,咲田みう
一ノ瀬はるか,波木遥,波木遙
一之瀬みき,伊沢むつみ
一条みお,一条美緒,一條美緒
一条愛美,AIMI
一色彩,柚月ひかる,柚木ひかる,飯島彩
一色志乃,出雲千尋,南えり
七実りな,七实里菜,七實裏菜
七星なな,凉南佳奈
七槻りな,ななつきりな
七沢みあ,七泽美亚,七澤美亞
七海りあ,黒沢マリア,黒澤まりあ
七海ティナ,七海蒂娜
七瀬ななみ,Nanami Nagase
七瀬ひな,ななせひな
七瀬愛梨,吉田雅
七瀬萌,七濑萌
七草ちとせ,由來ちとせ
三上悠亜,三上悠亚,三上悠亞
三上翔子,ミカショウ
三井倉菜結,三井仓菜结
三代目葵マリー,水城千春
三原ほのか,三原穗香
三原夕香,川村千里,栗田可南子
三咲悠,細川恵美,若村ひかる,若林由香梨,若林留美,若葉ひかる,長岡ひろみ,若林光
三島奈津子,三岛奈津子
三村紗枝,七海りな,三村纱枝
三枝澪,三枝実央
三浦あいか,佐藤聖羅,優木あいか,平岡歩,本田愛華,綾瀬愛花,西野あおい,香川さくら
三浦かなみ,みうらかなみ
三田友穂,伊東千夏,伊藤千夏
三田愛,三田爱里,三田爱
三田村邦子,中島幸恵,小野寺よしみ,小野寺美恵,村西久江
三田涼子,秋川葉子,三田凉子
三苫うみ,雨宮ちなみ
三鷹なみ,三鹰玲奈,三鷹玲奈
上原まりえ,桜木もも
上原カエラ,上原卡艾拉
上原亜衣,上原亚衣,上原亞衣,あいちん
上原優,上原优
上原優実,上原优実
上原光子,上原美津子,杉本梨恵,武内紀子
上原千尋,上原千寻
上原早紀,今井優衣,奥山かおり,奥山はるか,奥村かおり,望月詩織
上原果歩,名月亜矢,岡本莉奈,水来亜矢,茄月絢,菜月绫
上原留華,上原留华
上原結衣,上原志織
上原美紀,上原美纪
上川星空,登坂まおみ
上戸さや,藤本まり,澀谷里奈
上村けい,上村ケイ
上村春奈,村上春奈
上田美穂,工藤綾美
世羅いのり,あまいらむね
丘えりな,おかえりな
並木優,并木优
並木塔子,并木塔子
並木杏梨,并木杏梨
中原美佑,中原美祐
中園貴代美,中园贵代美
中塚愛,中冢爱
中山りお,中山早苗,大橋美歩,立花里緒
中山陽菜,有馬優羽
中島京子,中嶋京子,中岛京子
中川えり子,中川エリコ,中川絵里,桐島恵
中本花凛,五十嵐雅,有田睦,桜井章子,浜田愛子
中村まゆり,まゆり
中村綾乃,中村绫乃
中條美華,中条美华
中谷有希,村井留美子
中谷美穂,みなもとみいな
中谷美結,中谷美结
中里優奈,中里优奈,中裏優奈
中里美穂,中山秋穂,三好凪
中野千夏,Tinatsu Nakano
中野弥生,上原美咲,宮本奈々美,宮本菜々美,春川まい,風谷ひかる
中野愛里,中野爱里,中野愛裏
久保麗子,久保丽子
久米かおる,三郷祐子,麻倉めぐみ,池永美里
乙花イブ,宮澤エレン,おとかいぶ
九条紗季,森永映美,瀬戸愛莉
九重かんな,九重环奈,九重環奈
乾りっか,天海ルイ,乾立夏
二宮亜季,二宫亚季
二宮沙樹,二宫沙树
五十嵐星蘭,五十岚星兰
五十嵐真理,五十岚真理
井上千尋,黒崎さゆり,井上千寻
井上綾子,井上绫子
井上詩織,樹亜美
井川ななこ,井川奈々子
亜紗美,亚纱美
京本かえで,瞳ゆら,君岛美緒,君島美緒
京本香織,京本かおり,京本香,川原ゆり
京野明日香,阿澄ちほ
京野結衣,京野结衣
京野美麗,京野美丽
仁美まどか,仁美圆香,仁美圓香
今井ゆあ,乙女
今井裕香,今井裕香 
今宮いずみ,いずみ美耶
今村楓,今村枫
今野つばき,二宮莉央
今野由愛,Imano Yume,今野由爱
仲本みなみ,橘優香,橘优香
仲村もも,仲村桃
仲間明日香,上条亜樹,千早菜奈,夏原カレン,岩槻由梨奈,島田美咲,相田ちなり,萩原香奈
伊吹稟,伊吹禀
伊島香織,伊岛香织
伊東ちなみ,伊东千奈美,伊東千奈美,いとうちなみ,伊东ちなみ
伊東真緒,谷原ゆうき,伊东真緒
伊東紅,伊东红
伊東美姫,伊东美姫
伊沢美春,長尾みわ
伊織涼子,伊织凉子
伊藤まい,響京香
伊藤洋子,田川祐夢
伊藤青葉,伊藤青叶
佐々木あき,佐佐木明希
佐々木さゆり,佐々木さゆりレイナ,安寿レイナ
佐々木ゆい,並木静香,北山かんな,橋本美姫,碧えみ,あかね葵
佐々木エリー,如月愛
佐々木奈々,石井ゆりこ,高梨玲奈,黒沢えりか
佐々木玲奈,橋本怜奈,桥本怜奈,橋本憐奈
佐々木里香,三好亜矢
佐久間恵美,佐久间惠美
佐伯かれん,斉藤亜理紗,本宮すず,冴君麻衣子
佐伯ひなた,佐々木明日香,祐花凛
佐伯奈々,佐伯奈奈
佐伯祐里,尾崎麗美
佐倉ねね,佐仓宁宁,佐倉寧寧
佐倉絆,佐仓绊
佐倉美桜,海野ひかり
佐山愛,佐山爱
佐田杏南,佐久間ゆう
佐藤まい,戸井田めろ,糸田千春
佐藤みく,松冈理穗,鬆岡理穂
佐藤りこ,斉藤りこ
佐藤エル,佐藤爱琉,佐藤愛琉
佐野ゆいな,さのゆいな
佳苗るか,佳苗琉华,佳苗琉華
倉多まお,仓多真央,倉多真央
倉木しおり,仓木诗织,倉木詩織
倉木みお,仓木澪,倉木澪
倉本舞,倉本まい ,倉本麻衣,君原エリカ,葉月ありさ
倉本雪音,仓本雪音
倉沢七海,仓沢七海
倉田杏里,仓田杏里,倉田杏裏
倉田茜,仓田茜
倖田りな,斉藤依子,堀口夏菜子,新城由衣,梨花
倖田梨紗,幸田梨纱
優希絵理奈,優希エリナ
優月まりな,优月真里奈,優月真裡奈
優月良花,优月良花
優木しの,中森彩
優木リノア,中島まゆみ
優木夏,南香織,优木夏
優木明日花,优木明日花
優樹菜めい,真琴あず
光月夜也,星野南,林絵里
入江愛美,入江爱美
八乃つばさ,八乃翼
八尋麻衣,八寻麻衣
八神さおり,八神沙织,八神沙織
八重いろは,湯浅まみ
内海みう,中条カノン
冬愛ことね,冬爱琴音,冬愛琴音
冬月かえで,冬月枫,冬月楓
冬月ゆの,今野杏美南,今井菜那
冬木さおり,うず潮,ナースうず潮
凛音とうか,凛音桃花,凜音桃花
凰かなめ,凰香奈芽
初川みなみ,初川南
初美沙希,しずく
初音みのり,初音实,初音實
初音杏果,七瀬こころ,柴崎ことね
刹奈紫之,刹那紫之
前乃菜々,まえのなな
前園希美,前园希美
前田優香,Youka Maeda
前田陽菜,前田阳菜
加山なつこ,加山なつ子,加山夏子
加瀬かなこ,加濑佳奈子,加瀨佳奈子
加納綾子,加纳绫子
加藤えま,前田えま
加藤みゆ紀,花城あゆ
加藤ももか,加藤桃香
加藤美佳,七夕りぼん,夢咲りぼん
加賀美さら,かがみさら
加賀雅,加贺雅
北原萌,北原もえ
北原香菜,葉月さやか,詩しおり,鮎川真由,黒澤あいね
北原麗子,北原丽子
北園梓,秋月彩乃,北园梓
北園由香利,藤吉さゆり
北島優,北岛优
北島玲,北岛玲
北川ゆず,北川柚子
北川弓香,高杉さつき
北村玲奈,ジェシー・恵麻・グランデ
北田優歩,北田优歩
北野のぞみ,北野望
千乃あずみ,千乃杏美
千乃愛佳,ビビアン・リン,ウェン・チャオ
千堂マリア,藤井ようこ,久下奈津子,千堂まりあ,千堂瑪莉亞
千夏麗,青木あずさ
千夜子,本宮杏珠
千野麗香,千野丽香
卑弥呼,トレイシー沙貴
南ゆかり,藤吉由美子,川上良子
南ゆき,水無瀬怜奈,結城花純
南原香織,久保明日香,美奈子,南原香织
南彩菜,下平静香,大沢のぞみ,大澤まみ,平山綾香,椎名ゆい
南星愛,南星爱
南梨央奈,きたのあや
南沙恵,遠山あゆ,遠野麻耶
南河あかね,渋谷ひとみ
南波杏,Ann Nanba
南涼,久我山みなみ,南凉
南詩乃,みなみうたの
南野あん,南らん
南麗奈,Rena Minami
卯水咲流,森山绫乃
原ちとせ,原千岁,原千歲
原美織,原美织
友利ルナ,松原美果
友崎亜希,伊藤春香,大橋みほ
友田真希,友田真紀
双葉このみ,木下さくら
双葉良香,双叶良香,雙葉良香
古川いおり,古川伊织,古川伊織
古河由摩,古川由摩
可愛まゆ,かわいまゆ,大野みゆ
可愛ゆう,北原小雪,樋口みつき
可愛ラム,Ram Kawai
可憐,可怜
叶夢,叶梦,葉夢
叶樹梨,叶树梨,葉樹梨
叶結香里,叶结香里,葉結香裏
司ミコト,司美琴
吉井愛美,水沢翔子,吉井爱美
吉崎直緒,吉崎直绪
吉川あいみ,吉川爱美,吉川愛美
吉川れな,柏木ゆみ
吉川蓮,吉岡蓮美,早川美緒,吉川莲
吉永香織,吉永かおる,山本まり子,田村のぶえ,田村信江
吉沢ミズキ,吉沢みずき
吉沢明歩,ACKY,吉澤明歩,吉泽明步,吉澤明步
吉沢美和,小沢奈央,長谷川小夏
吉澤レイカ,Miwa Asao,三杉玲奈,麻生美和,吉澤玲香
吉澤友貴,吉泽友贵
吉田絵理香,吉岡恵子,吉田えりか
吉良藍,橋本恵美,竹村彩,雲母みくる,高井里奈
吉野サリー,吉岡美紀,立花きらら
吉野樹里,大島潤子,橋本有希
吉高寧々,吉高宁宁,吉高寧寧
向井彩乃,稲森あゆみ
向井藍,向井蓝
君島冴子,AOI.,村上葵
君島可憐,君岛可怜
君島美香子,君島美香,君岛美香子
君嶋もえ,小倉えみか,君嶋萌
君色花音,涼美ほのか
周防ゆきこ,周防雪子
和希優子,和希优子
和泉潤,和泉润
和泉美奈代,河合なな,泉田みなよ
咲田ありな,なつめ愛莉
唐沢美樹,唐沢美树
唯井まひろ,唯井真寻,唯井真尋
唯川千尋,神笑舞,神咲舞
喜多嶋詩織,桐原さとみ
国府田ひとみ,國府田瞳
園咲杏里,工藤咲,青木梨花,工藤紗希
園田みおん,园田美樱,園田美櫻
園田ユリア,北川爱莉香,北川愛莉香
園田美樹,港麻佐美
坂上ゆあ,上坂あゆ
坂上友香,上原明日香,南なみ,南ナミ
坂口華奈,坂口华奈,阪口華奈
坂巻あずさ,篠原リョウ,篠原ゆず,篠乃なつき,三浦加奈,望月涼子,夏野あき,涼乃はる,筧ジュン,田代マリ,相原れな,乙部絵里,田上なつき
坂巻リオナ,坂卷里歐那
坂本愛海,坂本爱海,阪本愛海
坂道みる,坂道美琉
城崎麻理子,土屋かなこ
城石真希,羽幌ありさ
堀切忍,安西玲子,山吹広美,西村千種
堀北わん,ほりきたわん
堀口奈津美,恩田ほのか
堀田奈々,原田友美
堤恵利那,水原りか,水澤りの
塚本アンナ,中島佑里恵
塚田詩織,冢田诗织
塩原美月,加賀谷優菜
夏木響子,夏木响子
夏樹まりな,五十嵐かな,千夏まりな
夏目しおん,夏目紫苑
夏目ナナ,Nana Natsume
夏目葵,夏川メグ
夏芽ひなた,あおば結衣,成田りな,柊木のあ
夕樹舞子,Maiko Yuhki,夕树舞子
夕美しおん,夕美紫苑
夢乃あいか,梦乃爱华,夢乃愛華
夢乃美咲,梦乃美笑
夢咲かのん,水谷杏,浪川千香
夢見照うた,ゆめみてうた
夢野怜子,黒木あおい,梦野怜子,夢野憐子
大倉みゆ,七星ここ
大倉彩音,大仓彩音
大友ちか,外崎和佳菜
大友唯愛,大友唯爱
大友園子,大友园子
大咲萌,鈴田明海
大城かえで,椿かなめ
大場ゆい,大场唯,大場唯
大塚咲,大冢笑
大塚美雪,大冢美雪
大塚麻里,七瀬もな
大島あいる,鈴木あいか
大島優香,大岛优香
大島彩,大岛彩
大島美緒,大岛美緒
大島薫,大岛薰
大森ゆかり,伊藤美由紀
大槻ひびき,大槻响,大槻響
大沢はるか,小森美悠,望月なつこ,白石百々
大沢萌音,おおさわもね
大滝明日香,大滝あすか,首藤えこ
大澤舞,柏木果鈴,田所美月
大石多香子,大久保佐織
大石香織,大石香织
大空あすか,みなみゆず,中川加奈子,浅田まみ,琴音めぐる
大空美緒,月野美羽,白石華
大谷翔子,泉麻里香
大迫ゆみ,高嶋陽子,高岛阳子
大野かすみ,小川知子
天使もえ,天使萌
天使美樹,天使美树
天宮まりる,佐賀ほのか
天海つばさ,天海翼
天海ゆう,天海いずみ
天海麗,天海丽
天衣みつ,あまい みつ,甘衣みつ
天野こころ,天野美羽
天野弥生,観月やよい
天野玲,美波あみな,矢追優希,鈴木めぐみ,あまのれい,あみな
天霧真世,天雾真世
天音まりあ,吉岡真希,七海まりあ
奏ミサ,井上麻衣子,御坂莉亚,御坂莉亞
奏音かのん,かなでかのん,奏音花音
如月しょうこ,福原裕子
如月夏希,きさらぎなつき
如月美雪,如月みゆき,川村久美,矢口りさ子,高田安子
妃ひかり,仲夏ゆかり
妃月るい,如月るい,日向美月,森平みさき,石原美紀,紀月るい,るいぺち,Rui,Hiduki Rui,妃月由衣,妃月留衣
姫乃愛里沙,上原あきな,姫乃亜里沙
姫島瑠梨香,姫岛琉梨香
姫川きよは,大島喜代葉
姫川ゆうな,姬川优奈,姬川優奈
姫川麗,Maria Hasegawa,姫川丽
姫百合紬,千葉咲南
姫野ことめ,姫野ゆうり,奥菜アンナ,市来美保,仲間あずみ
姫野ゆうり,奥菜アンナ,市来美保
姿麗子,姿丽子
宇佐木あいか,うさぎあいか
宇都宮しをん,安齋らら,安斋拉拉,安齋拉拉
安土結,安土结
安来めぐ,Megu Anrai
安田あいこ,安藤沙弥香,安藤さやか,上杉亜貴子,安藤沙也加,瀬戸内奈美
安藤沙弥香,上杉亜貴子,安藤沙也加,瀬戸内奈美
安西ひかり,皆瀬杏樹
安西華奈,山咲はな
安達亜美,莲实克蕾儿,蓮實克蕾兒
安達柚奈,安达柚奈
宝生リリー,芽森滴,一花琴音,朝日奈るみな,宝生莉莉,寶生莉莉
宝田もなみ,宝田萌奈美,寶田萌奈美
宮下杏菜,宫下杏菜
宮下真紀,宫下真纪
宮下真紀子,安藤千代子,宮下千代子,豊川真知子
宮下華奈,宫下华奈
宮代薫,鈴井美幸
宮内栞,宫内刊,宮內栞
宮内静子,宫内静子,宮內靜子
宮咲志帆,宫笑志帆
宮地奈々,宮路奈々
宮地由梨香,宫地由梨香
宮城心菜,黒田瑞穂
宮崎あや,宫崎彩,宮崎彩
宮崎彩香,宫崎彩香
宮崎愛莉,美森けい
宮崎由麻,宫崎由麻
宮崎良美,宫崎良美
宮本るみ,いぶ
宮本七音,三浦愛莉
宮村恋,宫村恋,宮村戀
宮沢ちはる,宫泽千春,宮澤千春
宮沢優紀,遊姫
宮澤アオ,宮澤さおり
宮藤尚美,宫藤尚美
宮谷はるの,中村成実
宮部涼花,宫部凉花
宮野瞳,宫野瞳
宮間葵,宫间葵
富田優衣,富田优衣
寺尾佑理,秋野結衣
寺島千鶴,寺岛千鹤
寺島志保,寺岛志保
寺田美由紀,美里るり,美里流季,美里流李,美里琉季
寿綾乃,壽綾乃
小倉ゆず,小仓柚子,小倉柚子
小倉奈々,小仓奈奈,小倉奈奈
小倉杏,Ann Ogura,小仓杏
小倉由菜,小仓由菜
小室芹奈,小室瀬理奈,小室瀬理菜,小室瀬里奈,小室瀬里菜
小室零,小室れい
小峰ひなた,羽生亚梨沙,羽生亞梨沙
小峰由衣,中川美由紀
小島みなみ,小岛南,小島南
小島三奈,中村優花,久住みはる,及川ひなた,及川ひな多
小島優花,小岛优花
小嶋つかさ,桜田歩美
小嶋亜美,根尾朱里
小川あさ美,小川阿佐美
小川つぐみ,小林つぐみ,小川亞未
小川みゆき,吉岡ちひろ
小川樹里,西尾けいと
小平奈美,星乃レイア
小日向ひまり,相澤もも
小日向みく,菊川里菜
小春,早坂愛梨
小松ひな,大家あみ
小松原紗代,好美,広田由香利
小林みちる,Miku Yuki
小柳里沙,水澤ひかり
小栗もなか,小栗萌中,小慄萌中
小桜沙樹,小桜沙树
小森愛,斎藤香,小森爱
小森美樹,Miku Komori,大森ゆま,小森未来,小森美树
小森詩,小森诗
小橋咲,小桥笑
小橋早苗,小桥早苗
小池絵美子,小池笑子,沢渡紗織,田崎絵美子,小池繪美子
小沢まどか,Madoka Ozawa
小沢菜穂,小澤菜穗
小泉ひなた,小泉日向
小泉めい,桜井可憐
小泉キラリ,菅野桃
小泉ミツカ,神谷茜
小泉里沙,愛川ひな
小泉麻由,夕樹怜奈
小滝紗由美,小泷纱由美
小澤マリア,小泽玛利亚,小澤瑪利亞
小澤春香,小澤はるか,鈴木あすか
小野こゆき,宮本はづき
小野寺梨紗,小野寺梨纱
小野紗里奈,小野纱里奈,小野紗裏奈
小高里保,原田志穂
小鳥遊はる,千星はるか
小鳥遊瀬那,優輝葵
尾上若葉,尾上若叶
山下優衣,乙葉ななせ,山下优衣
山下美麗,島田琴江
山口まゆ,姫咲ゆき
山口明日香,横橋梓美
山口智美,三浦郁美,南城真美子
山口珠理,山口ジュリ,山口樹里
山口葉瑠,やまぐちはる
山吹瞳,吾妻かおり,山吹ひとみ,星野瞳
山咲リリィ,夏目美加,大谷真央子,山咲梨里伊,辻志穂
山咲樹里,山咲美香
山崎かおり,富永留利子,山本留利子
山本玲奈,白咲碧,涼宮琴音
山本美雪,藍原あおい
山本蓮加,やまもとれんか,長谷川アン,椛澤智花
山田洋子,不破晴佳,与田明子
岡崎あい,加藤あいら
岡崎美女,Bijo Okazaki,冈崎美女
岡崎花江,冈崎花江
岡沢リナ,岡本理依奈
岡田裕美,冈田裕美
岡野めぐみ,坂上恵美
岡野美憂,岡野美優,野宮美憂,冈野美忧
岩崎千鶴,岩崎ちづる,岩崎千鹤,巖崎千鶴
岬あずさ,みさきあずさ
岬ななみ,岬奈奈美
岸川ひろみ,井出昌美,岸川けいこ
岸田小雪,倉木あゆみ,寺埼愛華,滝沢りさ,青木恭子
峰エリ,峰ゆり香
島本遥香,吉本芽依
島田香奈,岛田香奈,加护范子,小野瀬香恋
川上ゆう,川上优,川上優
川上奈々美,川上奈奈美
川原梨央,上原千明
川奈ゆい,星川麻衣
川島和津実,川島和津美
川島朋子,川岛朋子
川島真由里,川岛真由里,川島真由裏
川嶋せいら,かわしませいら
川嶋夏樹,堀江ルイ,神崎さゆり
川村あやみ,嗣永さゆみ
川村まや,川村真矢,広瀬まみ
川村りさ,川村理沙
川菜美鈴,川菜美铃
川越ゆい,大島沙織,川西ゆき
工藤まなみ,木南麻衣,工藤真波
工藤幸子,佐伯美知留
市川まさみ,市川雅美
市川花音,いちかわかのん
市橋えりな,市桥惠理奈,市橋惠理奈
希内あんな,希内安奈
希咲あや,冴島唯,希笑彩,希咲彩
希島あいり,希岛爱里,希島愛裏
希崎ジェシカ,希崎洁西卡,希崎潔西卡
希志あいの,希志爱野,希志愛野
希望のん,木村詩織,近衛美紗樹
常夏みかん,常盤夏子,星崎瞳,常夏蜜柑
常盤桜子,常盘桜子
平井まりあ,みなみまり,福田佳代
平井柚葉,平井柚叶
平子知歌,小宮山えみ,小司あん,小山加奈,鈴木千里,佐藤玲子,相川めぐり,真奈瀬あき,铃木千里
平手まな,三井来夢,有季なお
平瀬りょう,名城翠
広末奈緒,廣末奈緒
広瀬みお,ひろせみお
広瀬友莉子,田島りな
広瀬奈央美,広瀬奈緒美,松下なおみ
弓束ちはや,塚原千恵
弥生みづき,やよいみづき,丹羽あおい,久保田梢,弥生美月,彌生美月
彩名杏子,Ayana Kyoko,Kyoko Ayano
彩城ゆりな,小倉由紀
彩夏,北田千夏
彩葉みおり,渋谷まなか
彩音心愛,彩音心爱
後藤えり子,西崎彩
後藤里香,后藤里香,後藤裏香
後藤麻友,岩崎理恵子
徠夢,徕梦
徳井唯,篠崎麻美,荒井彩香,德井唯
徳永れい,上田麻里
心愛,心爱
心花ゆら,佐藤麻里子
心菜りお,ここなりお,真奈りおな
心音にこ,乙咲あいみ,高宮すず
恵美梨,アニー麗
悠木美雪,岡田優子
愛乃,爱乃
愛代さやか,ましろあい,森村あや
愛内希,爱内希,愛內希
愛原えり,寺島チヒロ
愛原唯,爱原唯
愛原莉央,相原りお,爱原莉央
愛咲れいら,原千尋,原千寻
愛川咲樹,爱川笑树
愛川由衣,爱川由衣
愛梨沙,爱梨沙
愛沢エルサ,前原沙良
愛沢有紗,爱沢有纱
愛沢蓮,爱沢莲
愛海,爱海
愛澤由希奈,大竹南帆
愛瀬るか,咲野の花
愛瀬美希,爱濑美希
愛田奈々,Nana Aida,Yura Muto,武藤由来
愛田正子,爱田正子
愛花紗也,爱花沙也,愛花沙也
愛葉亜希,愛場あき,愛葉あき,愛葉亜季,爱叶亚希
愛葉悠,爱叶悠
愛那梨華,爱那梨华
愛音さおり,神崎レミ
愛音まりあ,爱音麻里亚,愛音麻里亞
愛音麻友,爱音麻友
愛須心亜,爱须心亚
憂木瞳,石黒樹里,Juri Ishiguro,中山アンナ,優木瞳,工藤あずさ,憂木ひとみ,石黑树里,石黒樹裏
成宮いろは,辺见麻衣
成宮優,七海れい
成宮梓,片瀬瑞穂
成宮祐希,佐藤茉莉
成沢めい,愛沢のあ
成海さやか,鳴海さやか
成瀬心美,心美,成瀨心美
成瀬美穂,岸川美穂
戸川つぐみ,有村千穂
手塚あかり,山崎麻里子,杉崎明美,白雪結花
手塚真由美,手冢真由美
手塚莉絵,手塚りえ
押切麗奈,押切丽奈
持田涼子,亜麻井かおり,持田りょうこ,桜木愛
持田茜,しじみ
持田薫,持田かおる
推川ゆうり,推川悠里,推川悠裡
斉藤つかさ,齊藤司
斉藤亜樹,斉藤亜紀,斎藤亜樹,須永麻衣
斉藤依子,堀口夏菜子,新城由衣
新城あゆみ,Tsubasa Okuna,川村翼,星井未来,高橋ちさと
新城美稀,哀川真奈美
新堂綾乃,新堂绫乃
新山愛里,新山愛理,新山爱里,新山愛裏
新島さくら,錦織アミ
新崎雛子,三上絵理香,柴田真由美
新村あかり,桜庭洋子
新田みれい,にったみれい
新田利恵,島田裕美,新田恵美,田中千代,秋吉久美
新田彩,矢沢ひろ,矢沢るみ,野咲るみ,野崎ルミ,野咲ルミ
日向なつき,日向ありさ,森真琴,篠原香澄,野波美伽
日向ひな,ひなたひな
日向ひなた,富永杏
日向まこ,いじり魔子
日向小夏,日高のりこ,鈴木京子,青葉ちはる,田口ひとみ,峰川杏里,川上香澄
日向菜々子,三吉菜々
日野美沙,原田あすか
日高ゆりあ,YURIA,ひよしゆり,佐迫恵美,日吉ゆり,青山ひより,日高由里亞
日高りこ,中村アリサ
日高結愛,日高结爱
早乙女ルイ,早乙女露依
早坂ひとみ,早坂瞳
早瀬めぐ,奥山敬子,色彩音色
早野いちか,宇野杏奈
明日花キララ,明日花绮罗,明日花綺羅
明海こう,小泉まり,藤木美夏
明里つむぎ,明里紬,明裏紬
星あめり,夏目りょうこ
星りょう,星涼
星メグミ,星めぐみ
星仲ここみ,ほしなかここみ
星仲みなみ,大久保ゆう,坂本結衣
星優乃,星优乃
星優奈,星优奈
星合ひかる,山下綾香
星名愛美,桐山あかり,水沢はな
星咲ひかる,meru,松浦菜緒
星咲優菜,前田優希,前田优希,星笑优菜
星奈あい,星奈爱,星奈愛
星宮あかり,椎木くるみ,七海光,椎名綾,若菜あゆみ,若葉あゆみ,椎名绫
星崎るな,星崎ルナ
星崎エミリ,愛川セイラ,落合知子
星崎亜耶,藤咲りさ
星川ういか,小西美緒
星空みちる,芹沢りな
星野あかり,星野明
星野ひかり,星野光
星野ゆめか,いろはまりん
星野らいむ,山咲ことみ
星野ナミ,星野娜美
星野マキ,美咲モモ香
星野優奈,星野优奈
星野凜花,吾妻公仁果
星野千紗,星野千纱
星野来夢,星野来梦,星野來夢
星野綾香,中州悠良,中洲悠良,星野亮子,星野彩香,望月ゆか
春咲あずみ,春笑和津实,春咲和津實
春咲りょう,春笑凉,春咲涼
春宮すず,春宫凉,春宮涼
春川莉乃,大矢美紗紀
春希ゆきの,前田愛里沙,五十嵐麻耶
春日もも,吉野ちあき,佐野美鈴
春日部このは,平山菜摘
春日野結衣,春日野结衣
春菜はな,春菜华,春菜華
春菜まい,春菜麻衣
春風ひかる,はるかぜひかる
時越芙美江,时越芙美江
晶エリー,大沢佑香,西川ひとみ
最上ゆり子,最上百合子
月乃ひかり,綾部はるか
月乃ルナ,つきのるな
月城ひとみ,佐倉れな
月宮こはる,結月せいら
月島ななこ,片桐Eririka
月島愛,月岛爱
月島杏奈,岩崎香澄,月岛杏奈
月島舞香,伊吹彩
月本愛,月本爱
月村ひかる,小林莉緒
有原あゆみ,有原步美
有坂夕那,中田井晴海
有星あおり,ありほしあおり
有本紗世,有本纱世
有村のぞみ,ありむらのぞみ,中井のぞみ
有村梨紗,有村梨沙
有森麗,有森すりな,美倉ケイ
有沢りさ,さやか,南沙也香,南沙耶香,結城未来,花川ひらり
有花もえ,有花萌
有賀美穂,有賀みほ,有贺美穗
朋香めい,佐々木結衣,小倉もも,桃井りか,桃宮もも
望月あやか,望月彩花
望月さくら,藤川れいな,倉持りん,倉持茜,椎名のりこ,関口あずさ
望月るきあ,山下香織
望月るな,望月優子,市井亜矢花,川瀬暁美,市井彩乃
望月伊織,坂井優羽
望月朋子,京本春美,朝霧なつこ,鈴木雅子,風吹桜子
望月英子,望月えいこ
望月雪,西脇奈子
朝丘まりん,浅丘早苗
朝倉しほ,上野舞子
朝倉海音,朝仓海音
朝宮涼子,朝宫凉子
朝岡実嶺,朝岡實嶺,朝冈実岭
朝日しずく,あさひしずく
朝桐光,南野あかり,本山もな美
朝比奈みくる,椎名みずほ,海来ひな,椎名ゆうき,平井莉乃
朝比奈ゆめの,吉川美憂
朝比奈りり子,加藤つばさ,坂井まきこ
朝比奈マキ,佐久間真麻
朝比奈菜々子,野々村あいり
朝河蘭,武藤蘭,清水優香,秋菜舞,朝河兰
朝田ばなな,かすみれおん,三田村静佳
朝美ほのか,瑞穂このみ
朝霧真央,朝雾真央
朝香涼,朝香凉
朝香美穂,Mariko Iwasaki,岩崎麻莉子
木下あずみ,あかぎ碧,赤城碧
木下寧々,小嶋夏海
木崎レナ,宮瀬ひなみ
木村和美,早瀬まゆみ,早瀬京香
未来ひかり,今野あかり
末吉りり,江口美沙,相場洋子,鈴木さえこ
本城小百合,本城さゆり
本多なつめ,宇佐美みか
本多翼,水野朝阳
本山まい,七瀬かれん
本庄優花,本庄优花,本莊優花
本庄鈴,本庄铃,本莊鈴
本条朱美,仲崎恵子
本樹憂真,愛田まゆ
本澤朋美,本泽朋美
本田もも,大塚もも
本田岬,柚希翼
本田梓,可愛みく
本田若菜,夢野春加
本田莉子,仲里紗羽
本間明南,山本悠子
本間麗花,本间丽花
杉本ゆみか,石井みずほ
杉本乃梨香,山下美幸
杉本彩子,希崎圭莲,希崎圭蓮
杉本蘭,杉本兰
杉森風緒,杉森风绪
杉浦清香,今井祐子
杉浦花音,亀井ひとみ,近藤瀬奈
杏,このみあん
杏樹紗奈,くるみひな,杏树纱奈
杏野るり,中場千鶴,田原あいり
村上美咲,倉木小夜,初島静香
村上里沙,真宮梨沙子,竹内紗里奈
村瀬優花,菊池真奈美,村濑优花
来栖ちゃこ,伊藤恵子
東凛,东凛,東凜
東尾真子,すみれ,石田千明
東条水紀,白井浅子
東条美菜,东条美菜,東條美菜
東条蒼,とうじょうあおい
東條なつ,とうじょうなつ
東條麗美,大倉ひろみ,満島陽子
東清美,中ひろみ
東野愛鈴,东野爱铃
松下紗世,愛沢ゆき
松下紗栄子,松下纱荣子
松下美織,松下美织
松井優子,松井优子,鬆井優子
松坂樹梨,松坂树梨,鬆阪樹梨
松坂美紀,松坂美纪,鬆阪美紀
松岡すず,時多しほり
松岡ちな,松冈千菜,松岡千菜
松岡貴美子,松冈贵美子,鬆岡貴美子
松島かえで,松島楓
松島やや,松島あかね,松嶋やや,松嶋耶弥,瑠姫,葉鳥やや
松島侑子,五月女千夏
松嶋れいな,Reina Mizushima
松嶋友美,吉岡愛乃
松本いちか,まつもといちか,五木あいみ,松本一香
松本まりな,松本麻里奈,奥田美須絵
松本ミナミ,狩野由紀子
松本メイ,松本芽依
松村かすみ,松島朋子
松永さな,今永さな,桜井ゆかり,今永纱奈,今永紗奈,松永纱奈,鬆永紗奈
松田うみ,南條玖美
松田優子,松田りえ,谷口真紀,松田真樹
松田早紀,松田早纪
松田瞳,浜崎恵美
松葉まどか,三崎明日香
松音ゆあ,宮前ことね,伊藤莉名
林みづき,三上亜理紗,吉岡美佳,坂本真由美,大沢啓子,小嶋るな,森田美鈴,橘美穂
林ゆな,林由奈
林原栄子,山田幸子,菊地沙也加,菊池さやか
枢木あおい,枢木葵,樞木葵
枢木みかん,櫻木あゆ美,櫻木ひびき,枢木美刊,樞木美栞
架乃ゆら,架乃由罗,架乃由羅
柊るい,柊留衣
柏木あみ,かしわぎあみ
柏木綾,工藤珠琴
柏木鈴,柏木铃
柑南るか,岬澪
柚月ひまわり,柚月向日葵
柚木彩華,柚木彩华
柚本紗希,柚本纱希
柳みゆう,柳美忧,柳美憂
柳井める,やないめる
柳澤沙耶香,柳泽沙耶香
柳田やよい,吉沢秀美,柳田弥生,水嶋沙織
栗原萌香,遠野しほ,長野由紀
栗崎紗理奈,栗崎纱理奈,慄崎紗理奈
栗田もも,栗田桃
根元えりな,向島歩美
桃乃木かな,松嶋真麻,桃乃木香奈
桃井あかり,寺島小春,小鳩マリ
桃井なつみ,沢口るな,桃井夏美
桃井りの,柏木ゆり菜
桃井杏南,メグミ
桃井桃,市井美幸,鴨川すみれ
桃宮もか,エリカ
桃色つくし,大橋けい
桃谷エリカ,桃谷绘里香,桃谷繪里香,桃谷繪裏香
桐乃みく,山岸真理
桐山結羽,桐山结羽
桐島ももこ,江麻玲子,高見ゆめか
桐島樹莉,桐岛树莉
桐島秋子,桐島直子,桐岛秋子
桐島美奈子,桐岛美奈子
桐嶋あみな,太田奈々
桐嶋りの,桐岛莉乃,桐嶋莉乃
桐沢さくら,成瀬祥子
桐谷まつり,桐谷茉莉
桐谷カナ,篠塚綾乃
桜もこ,樱萌子,櫻萌子
桜ゆい,本村紗枝
桜リエ,Rie Sakura
桜井ゆり,白井由里,菅野すみれ,野島つかさ
桜井りあ,佐藤穂乃花
桜井レイラ,如月ジュリ
桜井千春,さくらいちはる
桜井心菜,中野遼子,小柳まい,本上ゆき
桜井日菜乃,佐山優香
桜井涼子,小泉ゆかり,白鳥美香
桜井涼花,今井まどか
桜井美月,兼子あやか
桜井美羽,桜井MIU
桜井風花,桜井风花
桜井麻美,きくま聖,小向杏奈,桜井アサミ
桜愛,松下圭子
桜月舞,涼白舞,櫻月舞
桜木ももか,鈴木ゆりか
桜木エリナ,新川優衣
桜木亜美,柏木愛
桜木優希音,桜木优希音
桜木莉愛,かじか凛
桜沢まひる,中西理沙,大沢まひる,島谷かおり,成海君子,桜井まり,桜木由衣,瀬川ことみ
桜瀬奈,星乃華,大高舞
桜田さくら,松井さくら
桜田みつ葉,三田友梨那
桜田由加里,桜田由香里
桜空もも,樱空桃,櫻空桃
桜結奈,桜结奈
桜羽のどか,樱羽和佳,櫻羽和佳
梁川かりん,島崎あやか
梅宮あん,中山栞
梅宮かおる,Kano Satsuki
梢あをな,三花れな
梨杏なつ,杉咲しずか
森はるら,笹本みほ
森ほたる,音川めぐみ,森萤,森螢
森ゆきな,佐藤あい
森下くるみ,森下胡桃
森下夕子,長谷部鈴江
森中智恵美,森中ちはる,森中千恵美
森嶋かおり,かおり
森川アンナ,古川蘭,森川杏奈
森川涼花,森川凉花
森本つぐみ,もりもとつぐみ
森永ひよこ,本田絵美
森町ここみ,Kokomi Morimati
森貴代美,森喜代美,森贵代美
森高かすみ,三井カンナ
森高南,緒川夕貴,藤咲凛子,緒川夕贵
植木翔子,北澤和代
椎名あゆみ,椎名歩,椎名真由美
椎名くるみ,小柳まりん
椎名そら,椎名空
椎名のあ,しいなのあ,倉田アンナ
椎名ゆな,椎名由奈
椎名りりこ,橘花音
椎木くるみ,七海光
椎谷愛結,椎名愛莉
椿あき,愛咲りんか
椿りか,つばきりか,大島ひな
椿織さとみ,椿织里美,椿織里美
楓まい,枫真衣,楓真衣
楓まお,成島ちひろ,時東あい,時見愛子,本多なるみ,本多成実,本多成美,本藤有希子,滝川翔子,真行寺あゆむ,篠崎真弓,美作彩凪,野田杏奈,黒木瑛真,本田ナミ
楠真由美,守口芳子,楠木まゆみ,楠木真弓,楠真由実,高島妙子
榊里緒,榊りお
槇原愛菜,槙原爱菜
横山みれい,安藤朋絵
横山夏希,上野真奈美,立野みき
横峯美佐子,與田明子
樹まり子,青木さえ子,樹麻里子
樹若菜,树若菜
樺月愛華,桦月爱华
橋本ありな,桥本有菜,橋本有菜
橋本れいか,桥本丽华,橋本麗華
橋本涼,前原友紀
橋本麻衣子,桥本麻衣子
橘いずみ,加藤由希子,新堂繭,相川夕実,稲森のぞみ
橘かれん,椎名柚子
橘このは,園澄佐織
橘優花,日向あいり
橘慶子,橘庆子
橘未稀,石川麻矢
櫻井夕樹,八木あずさ
櫻木梨乃,結城奈菜,葉月めぐ
歩原らいと,步原月
比留間千沙,比留间千沙
水トさくら,水卜樱,水卜櫻
水上由紀恵,水上由纪惠
水元ゆうな,水元優奈
水原あお,小出美香
水原乃亜,成沢きさき,成海うるみ,広瀬りりあ
水原亜紀,島村美枝子
水原晶,中山英美,北斗晶,寺西美由紀,島田奈々,川村尚子,菊田美和子
水原美々,チチダスミミ,チチダス・MiMi,水原ミミ
水咲あかね,平茉莉
水咲ありみ,常盤優子
水咲カレン,水笑卡莲,水咲卡蓮
水咲ローラ,滝澤ローラ,芳沢ローラ,水咲萝拉,水咲蘿拉,水咲劳拉,泷泽萝拉,泷泽劳拉,みさきろーら,たきざわろーら,Misaki Rola,Takizawa Rola,水笑劳拉
水咲涼子,水笑凉子
水咲菜々美,中井綾香,伊織しずく
水島早苗,水岛早苗
水島涼子,本庄美樹
水嶋あい,杏紅茶々
水嶋あずみ,水岛杏美,水嶋杏美,水嶋あずさ,氷室あずみ
水嶋杏樹,水岛杏树
水川えみる,佐々木美南
水川アンナ,中嶋麻美
水戸かな,水户香奈,水戶香奈
水森かづは,水森かずは,水森一葉
水樹璃子,天音りおん
水沢えみり,あかねみき
水沢つぐみ,みずさわつぐみ
水沢みゆ,いとう美憂
水沢理恵,伊東若菜,可愛有希
水澄ひかり,水澄光
水澤まお,永泽真央美,永澤真央美
水無月レイラ,山崎澪,高坂麗子
水稀みり,百多えみり,水稀美里,水川堇,水川蓳
水緒,南秋緒,吉川本上美緒,本上美緒,松嶋加奈子,神崎みお,立花本上美緒
水谷あみ,水谷亞美
水谷しずか,前野久江
水野はるき,みずのはるき
水野優,水野优
水野優香,水野优香
水野奈菜,水野華々,水野華華
水野葵,星乃さくら,森下美優,森下美穂,相川美佳,石田璃寿夢,芦田莉子
永井あいこ,小野瀬ミウ
永井マリア,柏木胡桃,井川菜乃花,永井玛丽亚,永井瑪麗亞
永原菜由,松本菜美
永瀬あき,みなみ瀬奈
永瀬みなも,永濑未萌,永瀨未萌
永瀬ゆい,ながせゆい,永濑唯,永瀨唯
永野いち夏,永野一夏
江原あけみ,三輪ちあき
江口美貴,江口美贵
江波りゅう,橘涼香
池内涼子,池田咲,市川さとみ,奥村沙織,佐々木優奈
池田みう,小柳美佳子,本間ゆかり
池端あやめ,伊藤絢子,池端綾子
池野朋,三上沙紀
沖那つばさ,沖那翼
沖野るり,今村ゆう
沙月とわ,沙月永远,沙月永遠
沙月由奈,涼宮こなた
沙羅樹,橋本ルミ,沙罗树
沢アリサ,桜井エミリ,グランツプロ
沢口りな,麻生舞
沢尻マリナ,上田智子,吉岡めぐみ,吉岡沙希,小野寺めぐみ,小野寺由真,川宮麻美,沙希,藤本沙希
沢田ユカリ,安陪ゆかり,愛咲ななみ,東葉子,遠野えり
沢田麗奈,沢田丽奈
沢舞桜,山本やよい,栗島蓉子
沢見ひかり,久保さおり
沢賀名,沢贺名
河北彩未,北野亜希
河北麻衣,千葉悠子,桜庭美鈴
河南実里,河南实里,河南實裡
河原れいな,藤代まゆ
河合あすな,河合明日菜
河合ののか,河合乃乃花
河合ゆい,河合結衣
河合千里,大沢まなみ,山中麗子
河愛雪乃,河爱雪乃
河本愛,河本爱
河村ゆきの,佐原ことみ
泉ゆり,椎葉えま
泉貴子,五十嵐晶子,水野由香莉,西野佐知子,泉贵子
波多野結衣,波多野结衣,はたのゆい,Hatano Yui
波瑠まいな,岡本優紀
波瑠宮そら,皆月もか
流川ユリア,輪島由佳
流川純,流川纯
流星ラム,安藤綾
浅井まどか,麻田サラ
浅井千尋,浅井千寻,淺井千尋
浅倉まい,朝倉まい,森下恭子
浅倉彩音,浅仓彩音,淺倉彩音
浅倉愛,浅仓爱,淺倉愛
浅倉舞,浅仓舞,淺倉舞
浅美結花,浅美结花,淺美結花
浅見せり,川冨なつ,新庄みゆき,牧野早百合,豊田佳澄
浅見伽椰,浅見伽揶
浅見怜,星崎はるか,浅见怜,淺見憐
浅香ゆき,橋本結花,瀬戸心美,藤雪ゆき,高倉美奈子
浜崎まりあ,滨崎玛丽亚,濱崎瑪麗亞
浜崎恋,上村紗雪
浜田麻由美,北川美優
浦田みらい,吉田遼子
海老原しのぶ,Yumi Sawamura,沢村ゆうみ
海野空詩,海野空诗
涼川絢音,凉川绚音
涼森れむ,凉森玲梦,涼森玲夢
涼花くるみ,すずかくるみ
涼風杏菜,藤代爱射,藤代愛射
深津映見,深津映见
深琴,佐竹ひな子,高木陽菜
深田えいみ,天衣みつ,滝沢美鈴,あまい みつ,甘衣みつ,天海こころ,深田咏美,深田詠美
深田みお,小森みくろ,椚ゆあ
深田ゆめ,桜木さやな
深田ナナ,深田奈奈
深田結梨,浅田結梨,浅田结梨,淺田結梨,深田结梨
清城ゆき,清城雪
清塚那奈,清冢那奈
清宮すず,きよみやすず
清水あいか,清水愛香
清水ゆきえ,池上真子,ゆいか
清水恋花,佐々木亜未
清音咲良,さやねさくら,橋本麗奈,君島咲良
渋谷あかね,東千夏,横尾奈々,穂高奈月
渚ひかり,渚光莉
渚みつき,渚光希
渡瀬安奈,沢渡杏里,沢田ももこ,七星くるみ,森下かりん,片岡はる,飯田響
渡辺千香,渡辺ちか
渡辺結衣,伊藤ゆう,伊藤優
湊莉久,凑莉久
湯本千夏,汤本千夏
湯沢多喜子,汤沢多喜子
滝川穗乃果,滝川穂乃果
滝沢あんな,永山恵美理,小林のぞみ
滝沢優奈,泷沢优奈
滝沢砂菜,伊藤舞
潮見百合子,潮见百合子
澤宮有希,泽宫有希
濱松愛季,滨松爱季,濱鬆愛季
瀧川花音,泷川花音
瀬名あゆむ,広瀬藍子
瀬名きらり,濑名光莉,瀨名光莉
瀬名さくら,藤原史歩
瀬名ひかり,下平ひかり,光本小百合
瀬咲るな,土永綾香,成田玖美
瀬奈涼,星川龍美,星野いづみ,松本リカ,桜木瑠璃子,町田早紀,濑奈凉,濑名凉子
瀬崎彩音,清水愛梨
瀬戸すみれ,木村成美,木島すみれ
瀬戸ひまり,杏堂怜
瀬戸内あすか,北村りょう,神埼美春
瀬戸準,濑户准
瀬玲奈,片瀬玲奈
瀬田奏恵,松岡香純,松冈香纯,鬆岡香純
灘ジュン,Jyun Nada,灘純
灘坂舞,滩坂舞,灘阪舞
烏丸まどか,渡辺恵子,木並則子
熊倉しょうこ,熊仓祥子,熊倉祥子
熊田夏樹,熊田夏树
片桐沙夜子,浜野昌江
片瀬みその,橋本けい
牧原れい子,中山れい子,牧原れいこ,牧原麗子,牧原玲子
牧村京香,新城いづみ
牧瀬みさ,倉木ひな
牧瀬愛,牧濑爱
牧野れいな,瀬戸つむぎ
牧野紗代,牧野纱代
猪瀬麻里花,智恵美,豊岡緑
玉木くるみ,大島あいり
玉置ゆき,橘小春
琥珀うた,木内亜美菜,木下瑠璃,廣井美加子,琥珀歌,さくらあきな,佐々木ゆき
琴乃夕夏,Yuuka Kotono
琴沖華凛,琴冲华凛,琴沖華凜
琴野まゆ,鳴瀬れな
瑠菜,安西瑠菜,竹田ルナ
環ニコ,たまきにこ
甘南ミオ,田中みゆき,橘あみか,関口まさこ,中村ひかる,森咲かほ,金子楓,七草アンナ,水野ふうか
生田沙織,生田沙织
田中まりこ,留萌雫,酒井杏菜
田中みゆき,橘あみか,関口まさこ
田中ゆうの,柊ゆうの
田中ユカリ,今村ちあき,仲田ゆかり,大泉恵美,櫻野京子,矢野咲織,篠崎ゆかり,篠崎ユカリ,船木由佳里
田中亜弥,仲田亜紀子
田中美春,岡村香澄
田巻陽菜,桃瀬まい,白井ななこ
田村みゆき,吉澤清美
田村りか,平石葵,宮本絵梨
田辺由香利,上原真理子
田辺莉子,湯川愛菜
由紀なつ碧,由紀なつき
町村小夜子,杉浦れいら
白井めいな,日和ももか
白咲ゆず,有咲いちか,岡崎なつめ,白笑柚子,白咲柚子
白咲奈々子,稲田七恵
白山ひな,宮田里緒
白川さや,加地千恵子
白川麻衣,中村日咲
白木エレン,桜庭ひかり
白木優子,白木优子
白木麻弥,白木まや,白木麻也,白木麻耶
白河かれん,白河カレン
白瀬心乙,白瀬ここね
白石あや,Aya Siraishi
白石えりか,佐竹詩織
白石ひとみ,落合雪恵
白石ひより,落合雪惠,白石日和
白石みお,かなで自由,白石未央
白石みなみ,Minami Shiraishi
白石ゆり,白井芽衣
白石れいか,日高千晶
白石悠,今宮なな
白石沙里奈,北原りな,夏川優奈,夏川优奈
白金せりか,大原れみ
白高ちさと,桜井実里
白鳥さくら,藤原さくら
白鳥すず,永作ねね
白鳥るり,白鳥瑠璃
白鳥寿美礼,白鸟寿美礼,白鳥壽美禮
白鳥涼子,白鸟凉子
白鳥祥子,白鸟祥子
白鳥美玲,白鸟美玲
白鳥美鈴,白鸟美铃
白鳥美雪,巴南
白鳥聖子,白鸟圣子
百合華,百合华
百瀬かな,永田洋子
百瀬ここあ,安倍晶子
百田まゆか,白浜美穂
百華,百华
皆乃せな,みなのせな
相原翼,湊えふ
相島奈央,相岛奈央
相沢みなみ,相泽南,相澤南
相沢夏帆,森下美怜,美波りな
相沢夢,松浦夢,相沢梦
相澤ひなた,早川ルイ
相澤まほ,相澤真帆
相澤唯衣,相沢唯衣
相田紀子,相田纪子
相田紗耶香,相田纱耶香
相馬美雨,相马美雨
眞雪ゆん,藤宫樱花,藤宮櫻花
真中優,真中优
真崎寧々,橘あおい
真弓あゆ,新田朋恵,神楽あいり,神楽愛莉
真木めぐみ,岸杏南,後藤梨花
真田ゆかり,葵のぞみ
真田美樹,真田みづ稀,葉加瀬ベティ,真田美树
真白愛梨,園田ありさ,真白爱梨
真鍋紗愛,真锅纱爱
真鍋美奈,水樹英理奈,真锅美奈
瞳りな,上田千夏
瞳れん,瞳戀
瞳リョウ,Ryou Hitomi,伊藤由貴,瞳亮
矢吹涼子,矢吹凉子
矢吹涼華,矢吹凉华
矢沢しおり,加藤心美
矢田ちえみ,二宮琴美
矢田美紀子,岸川真衣
矢野奈美子,香乃華
矢野涼子,北原翔子
知念真桜,羽田まなみ
石上麗子,沢尻あかり
石井あづさ,石井あずさ
石原める,いしはらめる
石川美貴,石川美贵
石川鈴華,橘ミオン
碧木凛,木下明日香,黒崎さく
神代にな,浜崎みくる
神南ひかり,平野愛
神咲はな,神埼はな
神咲紗々,月元あや華
神咲詩織,神笑诗织
神宮寺ナオ,神宫寺奈緒,神宮寺奈緒
神崎美樹,神崎美树
神田りさ,多田瑞香
神田るみ,七瀬リナ
神田リカコ,大沢柚月
神田光,伊東エリ
神田美穂,石倉えいみ
神納花,管野静香,管野靜香
神谷充希,亜矢みつき
神谷沙織,神谷沙织
神谷秋妃,上重友里
神谷麗子,神谷丽子
神野楓,渡辺茜
神野美緒,じんのみお
福元美砂恵,仲間麗奈,仲间丽奈
福原さやか,野々村智美,鈴木泉
福山さやか,佐々木深雪
福山沙紀,まどかみれい
秋ほたる,春日愛
秋吉みなみ,神崎瞳美
秋山菜々緒,井口恵美
秋川みなみ,秋山みなみ,沙倉みなみ
秋川りお,秋川理央,美月このみ
秋川真理,前原佳恵
秋本優奈,Yuhna Akimoto,Yuuna Akimoto,秋元優奈,秋本优奈
秋菜楓,秋菜枫
秋野千尋,秋野千寻
秋野早苗,小野静香
稲場るか,稻场流花,稻場流花
稲森あずさ,千葉ほたる,千葉ホタル,原沢みなこ,夏目雅代,山口梨華,牧村涼,秋葉加奈
稲葉めい,高野ひとみ
稲見亜矢,稲见亚矢
穂花,下村愛
穂花まりえ,このは結衣
穂阪詩織,穗坂诗织
穂高ゆうき,穗高有纪,穗高有紀
穂高結花,穗高结花
立原友香,梅田明子
立花さくら,山本菊江,日野麻理子,橘真理子,田中しのぶ,立花由美子,風吹ジュン子
立花なお,森岡真美
立花優,立花由美,立花优
立花果音,水田早紀
立花樹里亜,立花树里亚,立花樹裏亜
立花沙希,吉川ひなこ
立花瑠莉,白咲りの,立花琉莉
立花結衣,立花结衣
立花美涼,立花美凉
竹内かすみ,冴木まゆみ
竹内乃愛,竹内乃爱,竹內乃愛
竹内優美子,竹内优美子,竹內優美子
竹内真琴,竹內真琴
竹内順子,白河雪乃,竹内顺子,竹內順子
笠原あおい,多岐川秀美,徳澤エリカ,渥美イオン,稲森須美子,青木レミ
笠木いちか,かさぎいちか
笠木忍,小林美幸,白米結,遠野小雪
笹倉杏,笹仓杏
笹倉真奈美,坂本美波
笹星ゆな,松川ことみ
笹本結愛,愛乃零,浅見せな
筒見友,筒见友
篠めぐみ,碧しの,筱惠美,篠惠美
篠原もえ,青砥花
篠原ゆず,夏野あき,涼乃はる
篠原リョウ,三浦加奈,望月涼子
篠原優,木ノ花あみる
篠原友里恵,筱原友里惠,篠原友裏恵
篠原奈美,筱原奈美
篠原杏,筱原杏
篠原由香子,大島咲希
篠原真女,砂井春希,藤沢美奈子
篠宮千明,相川志穂
篠宮慶子,筱宫庆子
篠宮玲奈,筱宫玲奈
篠岬ことみ,白井紗奈
篠崎かんな,筱崎环奈,篠崎環奈
篠崎さとみ,しのざきさとみ,三井綾子,三沢亜也,三沢亜矢
篠崎アンナ,江川すみれ
篠崎里帆,崎山りほ
篠田あゆみ,筱田步美,篠田步美
篠田ゆう,筱田优,篠田優
篠田彩音,筱田彩音
米倉のあ,中村ひかり
米倉夏弥,米仓夏弥,米倉夏彌
米田友花,久遠ユリ,吉岡伊佐子,米田友紀,米田由香
紅音ほたる,秋月杏奈,秋本彩,紅音螢,红音萤
純野静流,滝川かすみ,真木麗子
紕咲あゆみ,小林あゆみ
紗々原ゆり,竹原ゆり
紗也いつか,奏瀬なつる
紗倉まな,纱仓真菜,紗倉真菜
紗凪美羽,纱凪美羽
紗月結花,後藤結花,沙月かなえ
紗藤まゆ,紗藤あゆ,紗東みお,富野まき,深川ここ
紫彩乃,Haruka Yumeno,夢乃春香,桜井文子,紫綾乃
紫艶,紫艷
紺野ひかる,绀野光,紺野光
紺野りさ子,石川めぐみ,石川施恩惠
紺野マリエ,滝川エリナ,白石かおり
紺野沙織,池上ゆみか,池上由美香,青野詩織,绀野沙织
紺野渚,早乙女優子
紺野美奈子,绀野美奈子
結城あや,山井沙奈美,青田祥子
結城のぞみ,春名ゆき
結城のの,结城乃乃,結城乃乃
結城みさ,结城美佐,結城美佐
結城マリア,結城まりあ
結城凛,结城凛,結城凜
結城杏奈,結城アンナ
結城綾音,佐藤あや,渚みわ,結城彩音,结城绫音
結川ゆう,長谷川麻弥
結希玲衣,結城玲衣
結月恭子,结月恭子
絢葉由貴,広瀬奈津美,彩波有紀
綾乃梓,一戸のぞみ,绫乃梓
綾女,绫女
綾波まこ,春乃さくら
綾波優,绫波优
綾波涼,近藤かおり
綾瀬れん,福咲れん
綾瀬ルナ,夏川純子
綾瀬美音,一之瀬美久
綾見ひかる,綾波ひかり
綾見ひなの,春川なのは
綾野みゆき,杉崎綾
綾野鈴珠,@yano_purple,あやのすず
緒川さら,新井みなみ
緒川凛,緒川凜
緒方エレナ,緒方绘玲奈,緒方繪玲奈
織原えみ,古田美穂
織田真子,织田真子
美保結衣,美保结衣
美優千奈,美优千奈
美原咲子,園崎美弥
美咲かんな,美笑佳奈,美咲佳奈
美咲愛,來棲美紗
美咲杏,岩崎絵美子
美咲結衣,美笑结衣
美咲菜々子,吉永紗理奈
美園和花,美园和花
美夕,杉浦希亜,茂野美嘉
美山蘭子,Sayoko Hideyoshi,Sayoko Korogi,小島由紀枝,秀吉小夜子,長田涼子
美月ゆいな,Megumi Ousawa,Megumi Ohsawa,Yuina Mizuki
美月ゆう子,久保千代子,原田りかこ,宇佐美麗子,長瀬優子,长濑优子
美月りん,松原茜
美月優芽,美月优芽
美月玲奈,早川さよ
美波あみな,矢追優希
美浦あや,富井美帆
美瀬純,矢崎美佳
美琴つばさ,湊羅夢
美甘りか,友利ほのか
美神あおい,木梨優樹乃
美神あや,川嶋亜希
美穂由紀,美樹由紀,美穗由紀
美竹すず,美竹铃,美竹鈴
美竹涼子,Nozomi Tomari,Ryoko Kimoto,樹本涼子,美竹凉子
美羽いちか,森川みや
美蘭,美兰
美谷朱里,三上江里
美里かすみ,森乃かすみ
美里有紗,美里有纱
美里真理,美里まり,美里マリ
美雪ありす,美雪艾莉丝,美雪艾莉絲
美雲あい梨,眞実かなえ
羽咲みはる,羽笑美晴,羽咲美晴
羽多野しずく,安西美紗,小橋りえこ
羽月希,上村佳奈,羽田希
羽月都花沙,月野こころ
羽田舞子,桜井さやか
羽賀まゆ,芳賀まゆ,青山真希,高梨耀子,逢崎みゆ
羽鳥澄香,竹内梨恵,霧島ゆかり
翼みさき,翼美笑,翼美咲
聖さやか,伊吹まりあ,伊吹マリア,森田なお,沢村奈々
能世愛香,能世爱香
能美ちなつ,二宮和香,二宫和香
臼井あいみ,森野美由紀,高橋さやか
舞原聖,川瀬麻衣
舞咲みくに,舞笑美娜,舞咲美娜
舞野いつき,歩川みく
芦名未帆,稲森しほり
芦川芽依,上野恵
芦那しおり,渡辺凛
花咲いあん,花笑一杏,花咲一杏
花咲のどか,穗原由纪奈,繐原由紀奈
花咲恋子,島崎由香里
花音うらら,かのんうらら
花音しおり,奏音しおり
芹川レイラ,こいずみのあ
芹沢直美,あおぞらこなつ,东千圣
芹澤あかね,石田美紀,花本まゆ,芹川佳奈,芹沢かなえ,芹澤加奈
若宮はずき,宝田ありさ,麻倉なな
若宮梨乃,穂ひまり,井川希
若宮穂乃,若宫穗乃,めもりしずく,ほうしょうりりー,りーたん,リリたん,いちかことね,あさひなるみな,朝日奈留美奈,絵莉花
若宮莉那,若宫莉那
若月まりあ,いつき,二ノ宮麗華,吉津真理子,太田美穂,愛原まりあ,星まりあ,月本れいな,月野まりあ,琴吹まりあ,笹原由香,若月まりな,野村彩香,高槻真里菜
若月みいな,若月美衣奈
若月樹里,若月树里,若月樹裏
若松かをり,紅月ひかり
若松玲那,早坂あずみ
若林樹里,南雅子,堀井まき,若林树里,若林樹裏
若菜瀬奈,わかなせな
若葉こころ,浜崎瑞穂
若葉加奈,若叶加奈
若葉薫子,若叶薰子
苺みるく,Ichigo Milk,Miruku Ichigo
茅ヶ崎ありす,百合川さら
茅ヶ崎祐,富田梨恵,茅ヶ崎裕,野村裕
茶木ヒデミ,茶木ひでみ
草凪純,Mizuho Kanno,Mizuho Kanou,浅海成亜,純名きりん,草風純,加纳瑞穗,加納瑞穂
荒木ありさ,神木りさ
荒木まい,荒井由香利
荻野つきひ,三原雅,神田るな
菅原里琴,藤岡奈美
菅野さゆき,菅野松雪
菅野つぼみ,管野つぼみ
菅野ゆかり,栗原ゆかり
菅野礼奈,山内泰子
菊川みつ葉,みつ葉,葉山夏菜
菊川れみ,森川麻美,藤森愛子
菊川愛香,菊川爱香
菊川麻里,玉置奈美江
菊池ひなの,前田のの
菊池リナ,夏樹美沙,佐藤里奈
菊池麗子,菊池丽子
菜々葉,愛羽なな
華原希,三條美紗
華原美奈子,华原美奈子
華咲じゅら,夏目マリ
華咲風優花,华笑风优花
華山美玲,华山美玲
華純,华纯
華美月,华美月
萩原舞,久保くるみ,渡辺紗希
落合広美,落合ひろみ
葉山みどり,南風ひろみ,日高はるみ
葉山美空,柊木なな,叶山美空
葉山遥子,松永八重子,葉山瑤子
葉月まい,三上忍
葉月みお,斉藤香澄,谷村しおり
葉月りの,はづきりの,一之瀬ひかり,遠山莉奈乃
葉月るい,白石歩
葉月桃,愛野ももな
葉月紗絢,吉井りお,叶月纱绚
葛西悠里,新垣那美
葵つかさ,葵司
葵みのり,Minori Aoi
葵みんと,Mint Aoi
葵百合香,八田愛梨,一松愛梨
葵紫穂,汐河佳奈
蒼乃幸恵,苍乃幸惠
蒼井さくら,伊達ミカ,大谷みれい,富永ユリア,桐島アリサ,桐嶋アリサ,桐生莉紗,武田美香,竹内美希,蒼井桜,黒木理沙
蒼井そら,苍井空,蒼井空
蒼井怜,苍井怜,蒼井憐
蒼吹雪,苍吹雪
蓮田いく美,榎田まゆ美
薫桜子,薰櫻子
藍原夕妃,蓝原夕妃
藍原真里,藍原マリン
藍山みなみ,上戸彩乃,藍山南
藍川美夏,蓝川美夏
藍沢ちか,加護あかね
藍芽みずき,蓝牙水月,藍芽水月
藤あやめ,若松あい子
藤原沙耶,有田祐貴
藤咲あや,藤崎あや,藤崎秋
藤咲リオナ,小林沙織
藤咲美優,秋田奈緒美
藤咲葵,愛川香織,藤咲かおり,関口聡美,Aoi Fujisaki
藤咲飛鳥,藤笑飞鸟
藤宮卯月,蒼乃ミク,澤田りこ
藤崎みなみ,笹木潤子,英知バウ子
藤崎彩花,藤咲沙耶,藤咲美玲
藤本リーナ,滝本エレナ
藤本紫媛,宮野千秋,夏川エリカ
藤本美沙,柴咲みく
藤森エレナ,福原ミイナ
藤森綾子,藤森绫子
藤森里穂,山本しゅり,山本いずみ,島咲友美,市川彩香,高井順子,はるかみらい,西山里穂,井上遥香,前田由美
藤沢成海,藤咲里桜
藤波さとり,Yuma
藤澤美織,村上佳苗,藤泽美织
藤澤美羽,藤泽美羽
藤田りかこ,吉永小夜,小島梨咲,新垣奈穂,沢尻涼子
藤田亮子,ルビー田島久美子,朝倉こずえ,森口サクラ,浅倉こずえ
蛯原ありさ,松下百合
蛯名りな,早乙女茉莉
蜜井とわ,あいぶらん
衣川音寧,衣川音宁
裕木まゆ,吉良いろは
西原ゆう,小澤まな
西園さくや,北井杏樹
西城柊香,西條いつき
西城玲華,西城玲华
西宮ゆめ,西宫梦,西宮夢
西宮美月,有末香織
西尾真理,吉沢冬子,藤山香津美,西尾麻理
西山樹,柏木由実
西岡里沙,松下美由紀
西川ちひろ,東まひろ
西川ゆい,西川结衣,西川結衣
西川紗希,西川纱希
西本かつの,澤木靖子,西かつの,西本かつ乃,西本綾,西本綾子
西村江梨,鶴田沙織
西条沙羅,西条沙罗,西條沙羅
西条麗,西条丽,西條麗
西條るり,西条琉璃,西條琉璃
西田カリナ,西田卡莉娜
西野エリカ,今藤霧子
観月マリ,高樹いづみ
観月奏,小田切ありさ,星咲マイカ
諸星まりる,七瀬ひなた
諸星セイラ,百濑凉,百瀬涼
諸星美奈,さえきとも,日下部レイ
谷あづさ,藤咲エレン
谷沢美優,ほのか夢
谷花紗耶,伊澄知世
豊中アリス,田辺いつき,豊中爱丽丝,豊中愛麗絲
豊川渚,佐伯つばさ
貝満ひとみ,鮫島琉生,貝滿瞳
赤井えちか,萩原果歩
赤井美月,折原ほのか,神無月れな
赤坂ルナ,阿久津美佳,赤坂琉奈
赤根京,夢川エマ
赤渕蓮,ひなみれん
跡美しゅり,迹美珠里,跡美珠裏
輝月あんり,天木ゆう,天木悠
近藤れおな,立花リク,立浪花恋,三上紗栄子,園田鈴,白石麗奈,酒井鈴,坂崎芙美,箕輪ともみ
近藤ユキ,松井レナ
近藤郁美,近藤郁
通野未帆,有村ちはる
速水ひかる,速川ひかり
速水もこ,蛯沢真理
速水蘭,若月秋穂
逢沢まりあ,逢泽真里亚,逢澤真里亞
逢沢りいな,はとり心咲,朱果
進藤みか,新藤みく
進藤理紗,进藤理纱
進藤由紀乃,进藤由纪乃
進藤美空,倉知莉花,戸田さおり
遊佐七海,游佐七海
遠田恵未,远田惠未
遠藤はるか,浅尾美知,内村栞
遠藤瀬梨那,远藤濑梨那
遠野みずほ,遠野美穗
遠野春希,远野春希
遥あやね,遥彩音,遙彩音
郡司結子,佐伯美穂
都盛星空,森なおみ
酒井ちなみ,Aoi Murasaki,Chinami Sakai,紫葵
酒井るんな,仲川璃,満島のえる,満島ノエル,舞咲璃
里中ゆき,長島亜美,重信さら,内島玲
里仲ゆい,さとなかゆい,菅野みいな
里崎マリヤ,山崎まりあ
里美ゆりあ,倉敷夏南,里見ゆりあ,里美尤利娅,里美尤利婭
重田加代子,一の瀬ねね,一之瀬祢々,佐々木香織,遠藤里子,重田あい
野々原なずな,ののはらなずな
野々宮ここみ,川瀬かのん
野中雪絵,野中雪江
野原りん,秋野圭子
野宮さとみ,野々宮みさと
野宮凛子,野宫凛子,野宮凜子
野神和沙,西本昭子
野風あさみ,東美智子
金子里沙,金子リオ
金沢文子,金澤文子
鈴南ほのか,宮下保奈美,神崎るみ
鈴原エミリ,铃原爱蜜莉,鈴原愛蜜莉,北條麻妃
鈴原愛子,松下来未
鈴木ありさ,藍原かれん,蓮美,大高頼子,宮園ももこ,桃川未智香,赤堀良子
鈴木きあら,愛加あみ,平清香
鈴木さとみ,浅田真美,铃木里美,鈴木里美
鈴木ちひろ,千種ちな
鈴木なつ,安西优子,安西優子
鈴木心春,铃木心春
鈴木心葉,铃木心叶
鈴木明那,華月瑠美
鈴木杏里,铃木杏里,鈴木杏裏
鈴木理沙,桜井茉莉
鈴木真夕,西野蘭,青木比奈,铃木真夕
鈴木美帆,铃木美帆
鈴木茶織,鈴木茶緒,黒田やよい
鈴木鈴,铃木铃
鈴木麻奈美,铃木麻奈美
鈴村あいり,铃村爱里,鈴村愛裏
鈴村いろは,秋山夏凜,ひばり結羽
鈴森きらり,藤本梨菜子,本多由奈
鈴音りおな,平山もえ,鈴木りおな
鏡麗子,Ayako Kawamoto,川本亜矢子,镜丽子
長峰ルミ,三崎ちひろ
長澤果奈,长泽果奈
長瀬愛,Yuma Nakata,长濑爱
長瀬涼子,长濑凉子
長瀬葵,羽田美佐子
長瀬麻美,长濑麻美
長谷川いずみ,长谷川全
長谷川なぁみ,木下智子
長谷川ゆい,佐竹ゆり,吉澤ゆり
長谷川夏樹,长谷川夏树
長谷川留美子,长谷川留美子
長谷川瞳,长谷川瞳
長谷川秋子,长谷川秋子
長谷川美紅,かおり夫人,沢田律子,清水多恵子,長谷川直美,高見志穂子,长谷川美红
長谷川美裸,新島りおな
長谷川聖那,长谷川圣那
長谷川舞,松山亜実
長谷真理香,まりか
間宮志乃,间宫志乃
間宮怜子,间宫怜子,間宮憐子
間宮純,雨宮純,间宫纯
間柴京花,遠藤リム,里中みき,香山美砂
関口ひろむ,せしる,都留矢セシル
阿由葉あみ,阿由叶亚美,阿由葉亞美
阿立未来,栗山未来
阿部乃みく,阿部乃美久
阿部加奈,原田南
阿部栞菜,宇野栞菜
陽咲希美,一ノ木ありさ,成宮はるあ
隅田涼子,隅田凉子
雛乃つばめ,相原このみ
雨宮かおる,泉なつみ
雨宮ののか,野々原まゆ,真鍋更紗
雨宮凛,田中未久
雨宮真貴,雨宫真贵
雨音わかな,奥野光香
雪城まどか,菜々緒愛
雪本芽衣,葉月可恋,葉里さやか,大橋依織,桐島なみ,水原あき,速美もな,山下あかね,田代ゆわ
雪美えみる,月島えみり
雪菜希,小野美菜
雪見紗弥,雪见纱弥,雪見紗彌
雪野あいか,雪野愛花
雪野みほ,五島あい
雪野小春,雪乃小春
雫,織笠るみ
零忍,結良詩絵
霜月るな,長谷川玲
霧島あんな,佐伯実里,児嶋レイコ,月城れいか,霧島アンナ,霧島安奈
霧島かほ,桃井れお
霧島さくら,朔葉あすか,雾岛樱,霧島櫻
霧島レオナ,石田カレン,雾岛里緒菜,霧島里緒菜
霧生ゆきな,神崎玲香
露木陽子,西尾玲奈
青山みるか,北乃麦
青山ゆい,青山結衣
青山ローラ,美月リア
青山亜美,葉山あかり,青空舞
青山愛,青山爱
青山未来,今井杏樹
青山翔,あおやましょう
青山葉子,青山叶子
青山雪菜,彩名ゆい
青木かなみ,山下えりか
青木椿,青井和枝,古川澄江,園杏花
青木沙羅,青木沙罗
青木瀬奈,新山莉央
青木玲,君島紗枝,広瀬詩織
青木美空,平山こずえ
青木美里,平野加奈子,青山小百合
青田友里,富沢芳恵
青羽勇歩,竹内柚葉
青葉ゆうな,Yona Aoba,Yuuna Aoba
青葉優香,青叶优香
青葉雫,山崎真衣子
音あずさ,音梓
音咲絢,音笑绚
音羽ねいろ,おとはねいろ
音羽美玲,あかね杏珠
響鳴音,响鸣音
須真杏里,须真杏理,須真杏理
須藤あいく,水卜えみり
風子,风子
風見京子,风见京子
風見渚,新倉ゆか,风见渚
風谷音緒,风谷音緒
風間ゆみ,鈴川ちか,風間ユミ,风间由美,風間由美
風間リナ,きみの雫
風間恭子,风间恭子
風音舞香,风音舞香
飛鳥りん,飞鸟铃,飛鳥鈴
飯塚ここみ,本村奏
飯山香織,夏咲まりみ
飯岡かなこ,森沢かな,森泽佳奈,森澤佳奈
飯島和香,大城和香
飯島夏希,杏樹,桜庭ハル,饭岛夏希,杏树
飯島楓,加額理香
飯島陽子,三船遥
飯島麗華,鈴木今日子,飯島ナオ,飯島レイカ,飯島麗香,饭岛丽华
飯浜紀香,饭浜纪香
香坂みりな,永美えみ
香山聖,香山圣
香川ゆな,佐藤葵
香月星七,あやなれい,綾乃麗華
香椎りあ,雅さやか,香椎梨亚,香椎梨亞
香椎りこ,泉朱音
香波りょう,南あや
香苗レノン,香苗玲音
香野良枝,末永汐莉
馬瀬まひ菜,今井まひな
高井七海,Nanami Takai
高井桃,たかいもも
高倉朱々,桜井しのぶ
高倉梨奈,水月涼,高仓梨奈
高倉舞,高仓舞
高原ジュリ,Jyuri Takahara
高原奈美,安室奈美
高坂保奈美,高坂ますみ,澤村レイコ
高垣怜,真咲レイ
高城ひかる,明日菜じゅん
高城ゆい,折笠しのぶ
高城ゆうり,藤井未来
高城アミナ,亜美,桜アン
高宮菜々子,櫻井菜々子
高岡初美,高冈初美
高岡美鈴,原花音
高島いずみ,上杉美奈子
高島凛,島谷愛,岛谷爱
高島恭子,高岛恭子
高崎しほ,籠咲茜
高嶋ゆいか,あいだ飛鳥
高嶋美鈴,高岛美铃
高嶺アンナ,永山愛
高木礼子,Miyuki Kanno,Reiko Yokoi,横井玲子,菅野美幸
高村友佳子,三島塔子
高根綾,加山なつき,尾崎かすみ,山下里香,広中里佳子
高梨ゆあ,たかなしゆあ
高梨りの,倉野遥,前園ゆり
高槻める,野々宮める,若月芽瑠
高槻れい,峯岸まおみ
高樹マリア,いのうえ梨花,原由紀子
高橋しょう子,高崎圣子,高崎聖子,高桥圣子,高橋聖子
高橋真由美,高桥真由美
高瀬智香,原田智香
高瀬杏,北川美雪
高藤一花,保土ヶ谷岬
高見涼,柳はるか
高野しずか,やまもとあき
魚住里奈,鱼住里奈,魚住裏奈
魚沼晴美,大貫あずさ
鮎原いつき,松沢ゆかり
鮎川ともみ,七瀬ともみ
鮎川詩音,牧原沙紀
鳥井美希,藤田梨愛
鳥越はな,黄金むぎ,鳥希はな,山本沙耶,舞坂仁美,若菜
鶴田かな,鹤田加奈,鶴田加奈
鹿取やすえ,遠山真央
麻丘里絵,三浦麻美,坪倉史歩
麻倉ゆあ,佐倉あゆ
麻倉汐里,三高由莉子
麻宮淳子,成合淳
麻生ひかり,京本麻美
麻生千尋,花宮加奈子,麻生千寻
麻生恭子,千藤すず
麻美ゆま,麻美由真
麻里梨夏,渚うるみ,Urumi,成海丽,成海麗
黒崎セシル,緒方みずき,綾瀬ティアラ,夏目レイコ,神咲ナオミ,内藤斐奈,二ノ宮優子
黒崎潤,四ツ葉あおい
黒川すみれ,稲川なつめ
黒川ひかる,弓月亜里沙,坂下ななえ
黒川サリナ,黑川纱里奈,黑川紗里奈
黒木いくみ,北岡愛菜,黒居ろく,あさひ奈々
黒木琴音,逢沢はるか
黒木香,黒木薫
黒沢あき,白咲亜依
黒沢あゆみ,黒沢歩
黒沢愛,Ai Kurosawa,黑沢爱
黒沢那智,ちなつ
黒澤ゆうか,高嶋みなみ
黒澤エレナ,本上優
黒瀬萌衣,風間萌衣
黛ユイ,大崎美佳
